"reassessment_id","misconception_id","question","question_type","difficulty","correct_answer","why_this_tests_the_misconception"
"R-M1-01","M1","A comet drifts through empty space, far from any star or planet. Is any force needed to keep it moving in a straight line at constant speed?","Conceptual","Easy","No. With no net force it keeps its velocity (Newton's first law).","New context with no friction cue. A student who still believes 'motion needs force' will say yes."
"R-M1-02","M1","A ball is kicked along a long, smooth, flat surface where friction is negligible. After it leaves the foot, which is true? (A) The kick force is gradually used up, so it slows. (B) It moves at constant velocity with no horizontal force acting. (C) It speeds up because of leftover kick force. (D) It needs a small push every second.","Multiple-choice","Easy","B","Each wrong option matches a known M1 variant: 'used up' (impetus), 'leftover force', 'needs continual push'."
"R-M1-03","M1","A sled glides at a steady 4 m/s across a frozen lake. Friction is negligible. A student draws a forward arrow labelled 'motion force' on the sled. Should that arrow be there? Why or why not?","Scenario-based","Medium","No. Nothing pushes the sled forward; constant velocity means zero net force. Only weight and the normal force act (and they cancel).","Tests whether the student rejects a force arrow tied to the direction of motion in a free-body diagram."
"R-M1-04","M1","A 3 kg trolley moves at a constant 2 m/s on a frictionless track. (a) What is the net horizontal force on it? (b) A 6 N forward force then acts on it for 1 s. What is its speed afterwards?","Numerical","Medium","(a) 0 N. (b) a = 6 / 3 = 2 m/s², so the speed becomes 2 + 2 x 1 = 4 m/s.","Separates 'force from acceleration' (a = 0 means F = 0) from the 'F = mv' version of M1, and shows force changes velocity."
"R-M1-05","M1","A truck travels at 20 m/s on a level road. The engine force is 2500 N and the total resistance is 2500 N. The driver raises the engine force to 3000 N (resistance stays 2500 N for now). Describe the truck's motion before and after the change.","Reasoning/Explanation","Hard","Before: net force 0, so constant 20 m/s. After: net force 500 N forward, so it accelerates (a = 500 / mass). In practice air drag grows with speed until it reaches 3000 N, then the truck settles at a new, higher constant speed.","Tests the full picture: steady motion = balanced forces, and extra force causes acceleration rather than 'motion'."
"R-M2-01","M2","Which of these objects could have zero net force? I. A ball resting on a table. II. A probe moving at a steady 5 m/s through deep space with nothing acting on it. (A) I only (B) II only (C) Both I and II (D) Neither","Multiple-choice","Easy","C","Forces the student to accept that a moving object can have zero net force."
"R-M2-02","M2","A runner jogs at a steady 3 m/s in a straight line along flat ground. What is the net force on her, and what is her velocity?","Short-answer","Medium","Net force 0 N; her velocity is 3 m/s in the direction she runs.","Needs both parts: zero net force AND non-zero velocity. M2 students tend to link zero force with zero velocity."
"R-M2-03","M2","A 0.4 kg puck moves at 5 m/s along a table. A small fan blows on it with 0.2 N forward and friction pulls back with 0.2 N. How far does the puck travel in 3 s?","Numerical","Medium","Net force is 0 N, so it keeps moving at 5 m/s. Distance = 5 x 3 = 15 m.","A calculation in a new setting where an M2 student would answer 0 m."
"R-M2-04","M2","A box rides on a horizontal conveyor belt moving at a constant 0.5 m/s. The box does not slip. What is the net force on the box?","Scenario-based","Hard","0 N. Constant velocity means zero acceleration, so no net force. No horizontal force is needed; weight and the normal force cancel vertically.","Unfamiliar situation. 'It is not moving' hints at M2; 'there must be a forward force' hints at M1."
"R-M2-05","M2","Give two examples of objects with balanced forces: one at rest and one moving. State the velocity of each.","Reasoning/Explanation","Hard","Example: a book on a table (velocity 0) and a car on cruise control at a steady 25 m/s (velocity 25 m/s, constant).","The student must produce a moving example of balanced forces by themselves."
"R-M3-01","M3","A person kicks a soccer ball. Name the equal and opposite force pair and say which object each force acts on. Do these two forces cancel each other?","Conceptual","Easy","The foot pushes the ball (force acts on the ball); the ball pushes the foot (force acts on the foot). They are equal and opposite but do not cancel because they act on different objects.","Asks the student to name the object each force acts on, the key idea for M3."
"R-M3-02","M3","A 70 kg astronaut and a 210 kg satellite float at rest in space. The astronaut pushes the satellite with 35 N. Find each one's acceleration while the push lasts.","Numerical","Medium","Satellite: 35 / 210 = 0.17 m/s² away from the astronaut. Astronaut: 35 / 70 = 0.5 m/s² in the opposite direction.","If the forces cancelled, both accelerations would be zero. Different masses also show the forces are equal but accelerations are not."
"R-M3-03","M3","A swimmer pushes on the pool wall with 150 N to start a lap. What is the force of the wall on the swimmer? Does it cancel the swimmer's push on the wall? Explain.","Conceptual","Medium","150 N, directed away from the wall. It does not cancel the swimmer's push, because that push acts on the wall. The wall's force on the swimmer is what accelerates the swimmer.","A new real-life contact situation testing the 'different objects' idea."
"R-M3-04","M3","A 1000 kg car pulls a 500 kg trailer along a level road. Ignore resistance. The road pushes the car forward with a total force of 1500 N. Find the acceleration of the car and trailer, and the tension in the coupling.","Numerical","Hard","a = 1500 / 1500 = 1 m/s². Trailer: T = 500 x 1 = 500 N. (Check on the car: 1500 - 500 = 1000 x 1.) The tension pulls the trailer forward and the car backward; those act on different objects.","Multi-object problem: only works if forces are added object by object."
"R-M3-05","M3","A small fridge magnet clings to a large iron door. The magnet pulls on the door and the door pulls on the magnet with equal force. If you pull the magnet slightly away and release it, why does the magnet move toward the door while the door does not visibly move?","Reasoning/Explanation","Medium","The forces are equal and opposite but act on different objects. a = F / m, so the light magnet gets a large acceleration while the massive door (also held by its hinges) hardly moves.","Tests understanding that equal forces can give unequal motion, impossible if the forces cancelled."
"R-M4-01","M4","A coin and a lead pellet are released together at the top of a long vacuum tube. Which hits the bottom first?","Short-answer","Easy","They land at the same time. In a vacuum all objects fall with the same acceleration.","Direct transfer of the idea to a new setting."
"R-M4-02","M4","An airless drop tower is 19.6 m tall. A 0.2 kg tennis ball and a 20 kg boulder are released together from the top. How long does each take to reach the bottom? (g = 9.8 m/s²)","Numerical","Medium","Both take 2.0 s (t = sqrt(2h / g) = sqrt(2 x 19.6 / 9.8) = 2.0 s).","An M4 student would say the boulder arrives first."
"R-M4-03","M4","On Mars (g = 3.7 m/s²) a 5 kg rock and a 50 kg rock are dropped. Find the weight and the acceleration of each.","Numerical","Medium","Weights: 18.5 N and 185 N. Both accelerate at 3.7 m/s².","Different planet, same idea. Shows a bigger weight does not mean a bigger acceleration."
"R-M4-04","M4","A heavy bowling ball and a light foam ball of identical size are dropped from a tall building. The foam ball arrives noticeably later. Is the difference caused by mass itself or by air resistance? What would you expect in a vacuum?","Reasoning/Explanation","Hard","It is caused by air resistance: it is a much larger fraction of the foam ball's small weight. In a vacuum both would land together.","Checks the student can separate air resistance from mass in a real-life case."
"R-M4-05","M4","A 2 kg block and a 6 kg block are joined by a slack string and dropped together (ignore air resistance). Does the string become tight? Explain.","Scenario-based","Hard","No. Both accelerate at g, so the string stays slack and carries no tension; they fall together.","Novel application that only works if all masses fall with the same acceleration."
"R-M5-01","M5","A student writes 'net force = 4 m/s²'. What is wrong? (A) Nothing. (B) m/s² is a unit of acceleration; force is measured in newtons. (C) The number should be bigger. (D) Force can only be measured in kg.","Multiple-choice","Easy","B","Direct check that the student separates the units of force and acceleration."
"R-M5-02","M5","A cyclist and bike with total mass 60 kg accelerate at 1.5 m/s². What is the net force?","Numerical","Medium","90 N (F = ma = 60 x 1.5).","An M5 student gives 1.5 N (acceleration reused as force)."
"R-M5-03","M5","Two shopping carts are each pushed with the same net force of 30 N. Cart A accelerates at 3 m/s² and cart B at 0.5 m/s². Find the mass of each cart.","Numerical","Medium","Cart A: 30 / 3 = 10 kg. Cart B: 30 / 0.5 = 60 kg.","An inverse problem: the same force with different accelerations only makes sense if the masses differ. A student who thinks force and acceleration are the same thing struggles to use m = F / a."
"R-M5-04","M5","A 500 kg rocket has an upward thrust of 7000 N. Its weight is 4900 N (g = 9.8 m/s²). Find the net force and the acceleration. Which of thrust, weight and acceleration are forces?","Numerical","Hard","Net force = 7000 - 4900 = 2100 N upward. a = 2100 / 500 = 4.2 m/s². Thrust and weight are forces; acceleration is not.","Needs both the calculation and the statement that acceleration is not a force."
"R-M5-05","M5","The same 90 N push is applied to a 3 kg skateboard and a 3000 kg truck. Find both accelerations and say what this shows about force and acceleration.","Reasoning/Explanation","Medium","Skateboard: 90 / 3 = 30 m/s². Truck: 90 / 3000 = 0.03 m/s². The same force gives very different accelerations, so force is not the same as acceleration; mass links them.","Dramatic contrast makes it hard to keep believing the two are the same thing."
