"question_id","topic","subtopic","difficulty","question","question_type","correct_answer","student_answer","is_correct","misconception_id","misconception_name","reasoning_error","explanation","real_life_example","follow_up_question","follow_up_answer","follow_up_difficulty","source_or_reason"
"Q001","Newton's Laws and Forces","Newton's Second Law","Hard","An object has zero acceleration. Does that mean no forces act on it? Explain.","Conceptual","No. Zero acceleration means the NET force is zero. Several forces may act as long as they balance (for example a book on a table: weight and normal force).","Yes. Zero acceleration means zero force, because acceleration is the force.","false","M5","Force and acceleration are the same thing","Equates zero acceleration with no forces at all.","Zero acceleration means the NET force is zero. Individual forces can still act as long as they balance (for example a book on a table).","The same kick sends a football flying but barely moves a bowling ball.","A 0.1 kg tennis ball has an acceleration of 100 m/s². A 1000 kg car has an acceleration of 0.1 m/s². Which has the larger net force?","Ball: F = 0.1 x 100 = 10 N. Car: F = 1000 x 0.1 = 100 N. The car has the larger net force even though its acceleration is much smaller.","Hard","Author-written synthetic student answer (not from a real student). Pattern: a = 0 means no forces."
"Q002","Newton's Laws and Forces","Gravity and Free Fall (Newton's Second Law)","Medium","Two balls, 1 kg and 3 kg, are dropped together from a tall tower in a vacuum. When the 1 kg ball has fallen 20 m, how far has the 3 kg ball fallen?","Numerical","20 m. Both have the same acceleration, so they fall the same distance in the same time.","60 m, probably. It's three times as heavy so it falls three times as far in the same time.","false","M4","Heavier objects fall faster","Scales falling distance with mass.","Same acceleration means same distance in the same time (d = 1/2 g t²). Mass does not appear, so the 3 kg ball has also fallen 20 m.","A flat sheet of paper falls slowly but the same sheet crumpled into a ball drops fast: air resistance, not weight.","A 1 kg and a 4 kg object are dropped from rest in a vacuum near Earth's surface (g = 9.8 m/s²). What is the speed of each after 2 s?","Both are 19.6 m/s (v = g x t = 9.8 x 2).","Medium","Author-written synthetic student answer (not from a real student). Pattern: distance proportional to mass."
"Q003","Newton's Laws and Forces","Newton's First Law","Easy","A hockey puck is sliding at constant velocity on a frictionless surface. What is the net force on the puck?","Conceptual","Zero. With no net force the puck keeps moving at constant velocity.","A force is needed to keep it moving.","false","M1","Force required for motion","Believes continuous motion requires a continuous forward force.","Moving does not need a force. A net force is only needed to CHANGE velocity. On frictionless ice nothing pushes the puck forward and it still keeps going, so the net force is 0 N.","A hockey puck or curling stone glides a long way on ice after it is released, with no one pushing it.","A cyclist stops pedalling and freewheels along a level road. She slowly slows down. Why does she slow down, and what would happen if there were no friction or air resistance?","She slows because friction and air resistance act backward on her, giving a backward net force. With no resistive forces nothing would change her velocity, so she would keep going at the same speed.","Medium","Author-written synthetic student answer (not from a real student). Pattern: direct statement: motion needs force."
"Q004","Newton's Laws and Forces","Gravity and Free Fall (Newton's Second Law)","Hard","A heavy ball and a light ball are tied together with a short string and dropped (no air). Will the tied pair fall faster than, slower than, or the same as the heavy ball alone? Explain.","Reasoning/Explanation","The same. Every object, tied together or not, accelerates at g, so the pair falls exactly like the heavy ball alone.","Faster, because together the total weight is bigger, so the pair is heavier than the heavy ball alone.","false","M4","Heavier objects fall faster","Adds weights and assumes total weight sets the falling speed.","Tying objects together does not change the acceleration. Both fall at g, so the pair falls exactly like the heavy ball (the string stays slack).","A coin and a lead pellet fall together inside a vacuum tube in a classroom demonstration.","A 1 kg and a 4 kg object are dropped from rest in a vacuum near Earth's surface (g = 9.8 m/s²). What is the speed of each after 2 s?","Both are 19.6 m/s (v = g x t = 9.8 x 2).","Medium","Author-written synthetic student answer (not from a real student). Pattern: thought-experiment: combined weight."
"Q005","Newton's Laws and Forces","Newton's Second Law","Medium","A 4 kg block slides east at 2 m/s. A rope pulls it east with 10 N and friction pulls west with 10 N. What is the block's velocity 5 s later?","Numerical","2 m/s east. The net force is 0 N so the velocity doesn't change.","0 m/s. The two 10 N forces cancel, so the block comes to rest.","false","M2","Zero net force means zero velocity","Thinks equal and opposite forces bring a moving object to rest.","Net force 0 N gives a = 0, so the velocity stays 2 m/s east. Balanced forces do not stop the block.","A skydiver at terminal velocity: weight equals air resistance, but she is still falling.","A hot-air balloon rises at a steady 2 m/s. How does the upward lift compare with the balloon's weight, and what is the net force?","The lift equals the weight, so the net force is 0 N. The balloon is still moving upward at a constant 2 m/s.","Medium","Author-written synthetic student answer (not from a real student). Pattern: equal forces -> comes to rest."
"Q006","Newton's Laws and Forces","Newton's Second Law","Medium","A skater is pulled across ice at constant velocity by a rope with tension 40 N. How big is the friction force on the skater, and what is the skater's acceleration?","Numerical","Friction is 40 N backward and the acceleration is 0 m/s².","Friction is 40 N backward and the acceleration is 0. Constant velocity means balanced forces, but the skater is still moving.","true","NONE","No misconception (correct reasoning)","None - the student's reasoning is correct.","Correct. Constant velocity means a = 0, so the friction equals the tension.","Being towed at steady speed behind a boat on water skis.","A ball bearing falls through thick syrup at a steady 0.2 m/s. Its weight is 0.5 N (ignore buoyancy). What is the drag force on it, and what is the net force?","Drag is 0.5 N upward and the net force is 0 N. The ball keeps falling at 0.2 m/s because zero net force means constant velocity, not zero velocity.","Hard","Author-written synthetic correct answer, used as a contrast to the misconception answers. Pattern: correct: equilibrium while moving."
"Q007","Newton's Laws and Forces","Newton's Second Law","Medium","Why is it wrong to say that '1 N equals 1 m/s²'?","Reasoning/Explanation","Newtons measure force and m/s² measure acceleration, which are different quantities. 1 N = 1 kg m/s², so 1 N gives an acceleration of 1 m/s² only to a 1 kg mass.","Because they measure the same thing. Newton is just the bigger unit, like cm and m.","false","M5","Force and acceleration are the same thing","Treats newton and m/s² as two sizes of one unit.","Newtons and m/s² measure different quantities, so they cannot be equal. 1 N = 1 kg m/s². Only a 1 kg mass gets 1 m/s² from 1 N.","Pushing an empty and a full shopping cart with the same effort gives very different accelerations.","The net force on an object is 12 N and its acceleration is 4 m/s². What is its mass?","3 kg (m = F / a = 12 / 4).","Medium","Author-written synthetic student answer (not from a real student). Pattern: units are 'sizes' of same thing."
"Q008","Newton's Laws and Forces","Gravity and Free Fall (Newton's Second Law)","Easy","A steel ball and a wooden ball of the same size are dropped together from a balcony. Air resistance is small. Which one hits the ground first?","Conceptual","They land at almost exactly the same time. All objects accelerate at about 9.8 m/s² when air resistance is small.","About the same time. Gravity gives both the same acceleration, so mass doesn't matter much when air resistance is small.","true","NONE","No misconception (correct reasoning)","None - the student's reasoning is correct.","Correct. Free-fall acceleration does not depend on mass.","Two coins of different weight dropped from the same height.","Gravity pulls ten times harder on a 10 kg object than on a 1 kg object. Why doesn't the 10 kg object fall ten times faster?","Because it also has ten times the mass, so it is ten times harder to accelerate. a = F / m = (10 x 9.8) / 10 = 9.8 m/s², the same as the 1 kg object.","Medium","Author-written synthetic correct answer, used as a contrast to the misconception answers. Pattern: correct: same acceleration."
"Q009","Newton's Laws and Forces","Newton's Third Law","Medium","A horse pulls a cart forward with 800 N, and the cart pulls back on the horse with 800 N. A student argues the cart can never start moving. Is the student right? Explain.","Reasoning/Explanation","No. The 800 N backward force acts on the horse, not on the cart. The cart accelerates when the horse's forward pull on it is greater than the friction on the cart.","Yes, the student is right. The forces are equal and opposite so they cancel and the cart can't get going.","false","M3","Action-reaction forces cancel each other","Believes the pair cancels on the cart, so no motion is possible.","The 800 N back on the horse acts on the horse, not the cart. The cart accelerates if the horse's forward pull on it is greater than the friction on the cart.","A released balloon shoots forward as air rushes out backward.","A student says: 'A rocket's exhaust pushes the rocket forward and the rocket pushes the exhaust backward with an equal force, so they cancel and the rocket cannot speed up.' What is wrong with this?","The two forces act on different objects: the gas feels one and the rocket feels the other. Only the force on the rocket matters for the rocket's motion, and it is not balanced by the force on the gas, so the rocket accelerates.","Hard","Author-written synthetic student answer (not from a real student). Pattern: 'cart can never move' paradox."
"Q010","Newton's Laws and Forces","Newton's Second Law","Medium","A 60 kg sprinter pushes off the starting blocks with a net horizontal force of 240 N. What is the sprinter's acceleration?","Numerical","4 m/s² (a = F / m = 240 / 60).","a = F / m = 240 / 60 = 4 m/s².","true","NONE","No misconception (correct reasoning)","None - the student's reasoning is correct.","Correct. Divide the net force by the mass.","A sprinter exploding out of the blocks.","A net force acts on a cart. If the mass of the cart is doubled but the net force stays the same, what happens to its acceleration?","The acceleration halves (a = F / m).","Easy","Author-written synthetic correct answer, used as a contrast to the misconception answers. Pattern: correct: a = F/m."
"Q011","Newton's Laws and Forces","Gravity and Free Fall (Newton's Second Law)","Easy","A bowling ball and a tennis ball are dropped together from the same height on the Moon, where there is no air. Which lands first?","Short-answer","They land together. Without air, all objects fall with the same acceleration (about 1.6 m/s² on the Moon).","The bowling ball, because it's heavier so it falls faster.","false","M4","Heavier objects fall faster","Direct 'heavier falls faster' belief.","Without air, mass does not change how fast things fall. The bowling ball and the tennis ball accelerate equally and land together.","A coin and a lead pellet fall together inside a vacuum tube in a classroom demonstration.","A 1 kg and a 4 kg object are dropped from rest in a vacuum near Earth's surface (g = 9.8 m/s²). What is the speed of each after 2 s?","Both are 19.6 m/s (v = g x t = 9.8 x 2).","Medium","Author-written synthetic student answer (not from a real student). Pattern: direct statement."
"Q012","Newton's Laws and Forces","Newton's First Law","Hard","A 1500 kg car travels at a steady 10 m/s on level ground. The engine force is 900 N forward and the total resistance is 900 N backward. If the forces stay the same, what is the car's speed 10 s later?","Numerical","10 m/s. The net force is 0 N so the acceleration is 0 and the speed does not change.","It will slow down and stop. To keep a car moving the engine force has to be bigger than the resistance, and here they're only equal.","false","M1","Force required for motion","Believes the engine force must exceed resistance to maintain motion; equal forces cannot sustain it.","Equal forces mean net force 0 N and no acceleration, so the speed stays 10 m/s. A bigger engine force would only be needed to speed up. Equal forces do not make the car stop.","A spacecraft coasting between planets with its engines off keeps moving without using any fuel.","True or false: 'If an object is moving, a force must be acting on it in the direction of its motion.' Give an example that supports your answer.","False. Example: a puck gliding on frictionless ice, or a ball rising after being thrown (only gravity acts, and it points down). A net force is needed to change velocity, not to keep it.","Medium","Author-written synthetic student answer (not from a real student). Pattern: PAIR with M2-08: same question, 'needs bigger force' reasoning."
"Q013","Newton's Laws and Forces","Newton's Third Law","Hard","How does an oar help a rowing boat move forward?","Scenario-based","The oar pushes water backward; the water pushes the oar (and boat) forward with an equal and opposite force. The forward force acts on the boat, so it can accelerate.","The oar pushes the water backward, so the water pushes the oar forward with equal force. These two forces are on different objects (water and oar/boat), so they don't cancel, and the forward force on the boat speeds it up.","true","NONE","No misconception (correct reasoning)","None - the student's reasoning is correct.","Correct. The reaction from the water acts on the boat.","Rowers on a river.","You stand on a skateboard and throw a heavy ball forward. Why do you roll backward? Which force acts on you?","You push the ball forward and the ball pushes you backward with an equal force. That backward force acts on you and nothing balances it, so you accelerate backward.","Medium","Author-written synthetic correct answer, used as a contrast to the misconception answers. Pattern: correct: propulsion by third law."
"Q014","Newton's Laws and Forces","Newton's Second Law","Medium","A 20 kg crate is dragged along a floor at 0.5 m/s. The rope pulls forward with 60 N and friction pulls back with 60 N. How far does the crate travel in 8 s?","Numerical","4 m (net force 0, so the velocity stays 0.5 m/s: distance = 0.5 x 8 = 4 m).","The forces balance, so the crate keeps its 0.5 m/s. Distance = 0.5 x 8 = 4 m.","true","NONE","No misconception (correct reasoning)","None - the student's reasoning is correct.","Correct. Zero net force means constant velocity, so distance = speed x time.","Dragging a heavy suitcase at a steady walking pace.","True or false: 'An object at rest has zero net force, so an object with zero net force must be at rest.' Explain.","The first half is true. The second half is false: an object moving at constant velocity also has zero net force.","Medium","Author-written synthetic correct answer, used as a contrast to the misconception answers. Pattern: correct: cancelling forces, still moving."
"Q015","Newton's Laws and Forces","Newton's Second Law","Medium","A rocket is accelerating upward. Its engine produces an upward thrust and it also has weight. List the forces that act on the rocket.","Scenario-based","Only two forces: thrust (up) and weight (down). Acceleration is not a force; it is the result of the net force.","Thrust up, weight down, and the acceleration upward as a third force.","false","M5","Force and acceleration are the same thing","Counts acceleration as a force on the free-body diagram.","Acceleration is not a force. It is the result of the net force, so it never appears as an arrow on a free-body diagram. Only thrust and weight act on the rocket.","The same kick sends a football flying but barely moves a bowling ball.","The net force on an object is 12 N and its acceleration is 4 m/s². What is its mass?","3 kg (m = F / a = 12 / 4).","Medium","Author-written synthetic student answer (not from a real student). Pattern: acceleration drawn as a force."
"Q016","Newton's Laws and Forces","Newton's First Law","Easy","A spacecraft in deep space has switched off its engines and drifts in a straight line at constant speed. Which statement is correct? (A) A forward force must keep acting on it. (B) No net force is needed; it keeps moving at constant velocity. (C) It gradually slows down because nothing pushes it. (D) Leftover engine force keeps it going.","Multiple-choice","B","A - something has to keep pushing it forward, otherwise it would come to a stop.","false","M1","Force required for motion","Assumes objects naturally stop unless something keeps pushing them (Aristotle-style thinking).","In deep space nothing slows the spacecraft, so it needs no forward force. Constant velocity means zero net force. Things stop on Earth because of friction, not because motion 'runs out'.","A spacecraft coasting between planets with its engines off keeps moving without using any fuel.","True or false: 'If an object is moving, a force must be acting on it in the direction of its motion.' Give an example that supports your answer.","False. Example: a puck gliding on frictionless ice, or a ball rising after being thrown (only gravity acts, and it points down). A net force is needed to change velocity, not to keep it.","Medium","Author-written synthetic student answer (not from a real student). Pattern: natural-state-is-rest belief."
"Q017","Newton's Laws and Forces","Newton's Second Law","Easy","Which statement correctly connects force and acceleration? (A) Force is the same thing as acceleration. (B) A net force on an object causes it to accelerate, with a = F / m. (C) Acceleration is a force that acts on the object. (D) A large acceleration always means a large force.","Multiple-choice","B","B - the net force makes the object accelerate, and a larger mass gives a smaller acceleration for the same force.","true","NONE","No misconception (correct reasoning)","None - the student's reasoning is correct.","Correct. Force and acceleration are different but linked through mass.","Same push on an empty and a full shopping cart.","The net force on an object is 12 N and its acceleration is 4 m/s². What is its mass?","3 kg (m = F / a = 12 / 4).","Medium","Author-written synthetic correct answer, used as a contrast to the misconception answers. Pattern: correct: F and a linked by mass."
"Q018","Newton's Laws and Forces","Newton's Third Law","Easy","The Earth pulls a ball downward with gravity, and the ball pulls the Earth upward with an equal force. Do these two forces cancel each other? Explain.","Conceptual","No. One force acts on the ball and the other acts on the Earth. Forces on different objects cannot cancel each other.","Yes, they cancel out because they're equal and opposite, so the net force is zero.","false","M3","Action-reaction forces cancel each other","Cancels forces without asking which object each force acts on.","Gravity on the ball and the ball's pull on the Earth act on different objects. Only forces on the same object can cancel. The ball has a net force and falls.","Rowing: the oar pushes water backward, the water pushes the boat forward.","You stand on a skateboard and throw a heavy ball forward. Why do you roll backward? Which force acts on you?","You push the ball forward and the ball pushes you backward with an equal force. That backward force acts on you and nothing balances it, so you accelerate backward.","Medium","Author-written synthetic student answer (not from a real student). Pattern: same-size forces cancel."
"Q019","Newton's Laws and Forces","Newton's First Law","Easy","Which statement about an object with zero net force is correct? (A) It must be at rest. (B) It is either at rest or moving at constant velocity. (C) It must be speeding up. (D) It must be slowing down.","Multiple-choice","B","A - if all the forces are balanced then nothing is making it go anywhere, so it just sits there.","false","M2","Zero net force means zero velocity","Treats 'balanced forces' as meaning 'no motion'.","Balanced forces mean no CHANGE in velocity, not no motion. The object may be at rest or moving at constant velocity, so (B) is correct.","A plane cruising at constant speed: engine thrust equals drag, yet it moves at hundreds of km/h.","A hot-air balloon rises at a steady 2 m/s. How does the upward lift compare with the balloon's weight, and what is the net force?","The lift equals the weight, so the net force is 0 N. The balloon is still moving upward at a constant 2 m/s.","Medium","Author-written synthetic student answer (not from a real student). Pattern: balanced = going nowhere."
"Q020","Newton's Laws and Forces","Gravity and Free Fall (Newton's Second Law)","Hard","Why does a feather fall slowly on Earth, yet fall as fast as a hammer on the Moon?","Reasoning/Explanation","On Earth, air resistance on the feather is large compared with its tiny weight. On the Moon there is no air, so both accelerate equally.","On Earth the air pushes up on the feather a lot compared to its weight, so it's slowed. The Moon has no air, so the hammer and feather both accelerate at the Moon's g and land together.","true","NONE","No misconception (correct reasoning)","None - the student's reasoning is correct.","Correct. The difference on Earth comes from air resistance, not from mass.","Astronauts on the Moon dropping a hammer and a feather.","A 1 kg and a 4 kg object are dropped from rest in a vacuum near Earth's surface (g = 9.8 m/s²). What is the speed of each after 2 s?","Both are 19.6 m/s (v = g x t = 9.8 x 2).","Medium","Author-written synthetic correct answer, used as a contrast to the misconception answers. Pattern: correct: role of air resistance."
"Q021","Newton's Laws and Forces","Newton's First Law","Hard","A student claims: 'If an object is moving, the net force on it cannot be zero.' Is the claim correct? Explain.","Reasoning/Explanation","Not correct. An object moving at constant velocity has zero net force. The net force is non-zero only when the velocity is changing.","The claim is correct. When the net force is zero all the forces are balanced, so the object has to be stationary.","false","M2","Zero net force means zero velocity","Believes balanced forces force an object to be stationary.","The claim is false. Zero net force is exactly the condition for constant velocity. A moving object can have zero net force.","A plane cruising at constant speed: engine thrust equals drag, yet it moves at hundreds of km/h.","A hot-air balloon rises at a steady 2 m/s. How does the upward lift compare with the balloon's weight, and what is the net force?","The lift equals the weight, so the net force is 0 N. The balloon is still moving upward at a constant 2 m/s.","Medium","Author-written synthetic student answer (not from a real student). Pattern: balanced -> must be stationary."
"Q022","Newton's Laws and Forces","Newton's Third Law","Easy","You push on a wall with 50 N and the wall pushes back on you with 50 N. Which statement is correct? (A) The forces cancel, so nothing happens to either you or the wall. (B) The forces are equal and opposite and act on different objects, so they do not cancel. (C) The wall's force is smaller because the wall does not move. (D) Only one of the two forces really exists.","Multiple-choice","B","A - they're equal and opposite so they just cancel out.","false","M3","Action-reaction forces cancel each other","Adds the two forces together even though they act on different objects.","The two forces act on different objects (you and the wall), so they cannot cancel. For you only the wall's push counts; for the wall only your push counts.","Two friends on skateboards push each other: both roll away, so the forces cannot be cancelling.","Two carts (1 kg and 3 kg) on a frictionless track attract each other with magnets. The magnetic force on the 1 kg cart is 6 N. What is the force on the 3 kg cart, and what is each cart's acceleration?","The force on the 3 kg cart is also 6 N, in the opposite direction. Accelerations: 6 / 1 = 6 m/s² for the 1 kg cart and 6 / 3 = 2 m/s² for the 3 kg cart, each toward the other.","Medium","Author-written synthetic student answer (not from a real student). Pattern: equal and opposite -> cancel."
"Q023","Newton's Laws and Forces","Newton's Third Law","Hard","You push horizontally on a heavy crate with 200 N, but it doesn't move. Why doesn't it move?","Scenario-based","The floor exerts a static friction force of 200 N on the crate, opposite to the push, so the net force on the crate is zero. The crate's 200 N push back acts on you, not on the crate.","Because the crate pushes back on me with 200 N, equal and opposite to my push, so they cancel and it stays still.","false","M3","Action-reaction forces cancel each other","Uses the third-law partner force as if it acted on the crate.","The crate's push back acts on you, not on the crate. The crate stays still because friction from the floor (200 N) balances your push on it.","Two friends on skateboards push each other: both roll away, so the forces cannot be cancelling.","Two carts (1 kg and 3 kg) on a frictionless track attract each other with magnets. The magnetic force on the 1 kg cart is 6 N. What is the force on the 3 kg cart, and what is each cart's acceleration?","The force on the 3 kg cart is also 6 N, in the opposite direction. Accelerations: 6 / 1 = 6 m/s² for the 1 kg cart and 6 / 3 = 2 m/s² for the 3 kg cart, each toward the other.","Medium","Author-written synthetic student answer (not from a real student). Pattern: reaction force used on the wrong object."
"Q024","Newton's Laws and Forces","Newton's Third Law","Hard","A 10 kg block on a frictionless table is pulled by a horizontal rope with tension 20 N. What is the block's acceleration? Does the block's pull on the rope cancel the rope's pull on the block?","Numerical","a = F / m = 20 / 10 = 2 m/s². No: the block's pull acts on the rope and the rope's pull acts on the block, so they cannot cancel each other on the block.","The block pulls back on the rope with 20 N too, so the two forces cancel and the acceleration is 0 m/s².","false","M3","Action-reaction forces cancel each other","Cancels forces that act on the rope and on the block.","The block's pull acts on the rope, so it cannot cancel the rope's pull on the block. The block's net force is 20 N, so a = 20 / 10 = 2 m/s².","Rowing: the oar pushes water backward, the water pushes the boat forward.","A student says: 'A rocket's exhaust pushes the rocket forward and the rocket pushes the exhaust backward with an equal force, so they cancel and the rocket cannot speed up.' What is wrong with this?","The two forces act on different objects: the gas feels one and the rocket feels the other. Only the force on the rocket matters for the rocket's motion, and it is not balanced by the force on the gas, so the rocket accelerates.","Hard","Author-written synthetic student answer (not from a real student). Pattern: rope tension pair cancelled."
"Q025","Newton's Laws and Forces","Newton's Second Law","Hard","Object P has mass 20 kg and net force 40 N. Object Q has mass 2 kg and net force 10 N. Which has the greater acceleration? Give both values.","Numerical","P: 2 m/s². Q: 5 m/s². Q has the greater acceleration.","P has the bigger acceleration because its force (40 N) is bigger than Q's (10 N).","false","M5","Force and acceleration are the same thing","Compares forces and treats the bigger force as the bigger acceleration, ignoring mass.","Compute a = F / m for each: P = 40 / 20 = 2 m/s² and Q = 10 / 2 = 5 m/s². Q accelerates more even though its force is smaller, because its mass is much smaller.","A tennis ball can have a huge acceleration but a small force; a car has a tiny acceleration but a big force.","A net force acts on a cart. If the mass of the cart is doubled but the net force stays the same, what happens to its acceleration?","The acceleration halves (a = F / m).","Easy","Author-written synthetic student answer (not from a real student). Pattern: compares forces, ignores mass."
"Q026","Newton's Laws and Forces","Newton's First Law","Medium","A trolley's velocity-time graph is a horizontal line at 4 m/s for 10 s. Which statement is correct? (A) The net force is zero and the trolley moves at 4 m/s. (B) The net force is 4 N forward. (C) The net force is zero and the trolley is at rest. (D) The net force is directed backward.","Multiple-choice","A","C - the line is flat, so nothing is changing, which means the forces cancel and it isn't moving.","false","M2","Zero net force means zero velocity","Treats 'no change' (constant velocity) as 'no motion'; reads a flat line as zero velocity.","A flat line on a velocity-time graph means constant velocity (4 m/s), not zero velocity. Zero acceleration means zero net force, and the trolley is still moving.","A car on cruise control: driving force balances resistance and the speedometer stays steady.","A ball bearing falls through thick syrup at a steady 0.2 m/s. Its weight is 0.5 N (ignore buoyancy). What is the drag force on it, and what is the net force?","Drag is 0.5 N upward and the net force is 0 N. The ball keeps falling at 0.2 m/s because zero net force means constant velocity, not zero velocity.","Hard","Author-written synthetic student answer (not from a real student). Pattern: graph reading: flat = stopped."
"Q027","Newton's Laws and Forces","Newton's Third Law","Medium","When you walk, your foot pushes backward on the ground and the ground pushes forward on your foot with equal force. Why does this not leave you stuck in place?","Reasoning/Explanation","The two forces act on different objects: the backward push acts on the ground, the forward push acts on you. The forward force from the ground is the unbalanced horizontal force that accelerates you.","They would cancel out, so you only move because your muscles add extra force on top of the reaction force.","false","M3","Action-reaction forces cancel each other","Thinks the pair cancels and invents 'extra' force to explain motion.","The backward push acts on the ground and the forward push acts on you. They cannot cancel. The ground's forward push on you is what accelerates you.","A released balloon shoots forward as air rushes out backward.","Two carts (1 kg and 3 kg) on a frictionless track attract each other with magnets. The magnetic force on the 1 kg cart is 6 N. What is the force on the 3 kg cart, and what is each cart's acceleration?","The force on the 3 kg cart is also 6 N, in the opposite direction. Accelerations: 6 / 1 = 6 m/s² for the 1 kg cart and 6 / 3 = 2 m/s² for the 3 kg cart, each toward the other.","Medium","Author-written synthetic student answer (not from a real student). Pattern: walking paradox."
"Q028","Newton's Laws and Forces","Newton's Third Law","Hard","The Earth pulls on the Moon with a gravitational force, and the Moon pulls on the Earth with a force of the same size. Why does the Moon accelerate about 81 times more than the Earth does?","Conceptual","The forces are equal but act on different bodies. Acceleration = force / mass, and the Moon's mass is about 1/81 of Earth's mass, so its acceleration is about 81 times bigger.","The forces cancel each other, so honestly the Moon shouldn't accelerate toward Earth at all. I think another force must be involved.","false","M3","Action-reaction forces cancel each other","Cancels the pair of gravitational forces and doubts that any acceleration exists.","The two gravitational forces act on different bodies, so they never cancel. Each body has its own net force. The Moon accelerates more because its mass is smaller (a = F / m).","Two friends on skateboards push each other: both roll away, so the forces cannot be cancelling.","A student says: 'A rocket's exhaust pushes the rocket forward and the rocket pushes the exhaust backward with an equal force, so they cancel and the rocket cannot speed up.' What is wrong with this?","The two forces act on different objects: the gas feels one and the rocket feels the other. Only the force on the rocket matters for the rocket's motion, and it is not balanced by the force on the gas, so the rocket accelerates.","Hard","Author-written synthetic student answer (not from a real student). Pattern: gravity pair cancelled."
"Q029","Newton's Laws and Forces","Gravity and Free Fall (Newton's Second Law)","Easy","A 1 kg ball and a 5 kg ball are released together from the same height inside a vacuum chamber (no air). Which statement is correct? (A) The 5 kg ball lands first. (B) The 1 kg ball lands first. (C) They land at the same time. (D) It depends only on their shape.","Multiple-choice","C","A - the 5 kg ball has more weight so gravity pulls it harder and it gets down first.","false","M4","Heavier objects fall faster","Notices gravity pulls harder on the heavier ball but ignores that the heavier ball is also harder to accelerate.","The 5 kg ball has a larger weight, but it also has more mass to accelerate. The two effects match exactly, so both balls have acceleration g and land together.","During the Apollo 15 mission an astronaut dropped a hammer and a feather on the Moon and they landed together.","Gravity pulls ten times harder on a 10 kg object than on a 1 kg object. Why doesn't the 10 kg object fall ten times faster?","Because it also has ten times the mass, so it is ten times harder to accelerate. a = F / m = (10 x 9.8) / 10 = 9.8 m/s², the same as the 1 kg object.","Medium","Author-written synthetic student answer (not from a real student). Pattern: bigger pull -> faster (ignores inertia)."
"Q030","Newton's Laws and Forces","Gravity and Free Fall (Newton's Second Law)","Hard","Use Newton's second law to explain why a 10 kg object does not accelerate faster than a 1 kg object in free fall, even though gravity pulls harder on it.","Reasoning/Explanation","Weight = mg, so the net force is mg and a = F / m = mg / m = g. The larger gravitational force is matched by the larger mass (inertia), so both have acceleration g.","It does accelerate faster. Weight is the force that makes things accelerate, so more weight means more force and more acceleration.","false","M4","Heavier objects fall faster","Applies 'more force = more acceleration' without dividing by mass.","a = F / m = mg / m = g. The mass cancels, so the acceleration is the same for all objects. A bigger weight does not mean a bigger acceleration because it also means a bigger mass.","During the Apollo 15 mission an astronaut dropped a hammer and a feather on the Moon and they landed together.","A 1 kg and a 4 kg object are dropped from rest in a vacuum near Earth's surface (g = 9.8 m/s²). What is the speed of each after 2 s?","Both are 19.6 m/s (v = g x t = 9.8 x 2).","Medium","Author-written synthetic student answer (not from a real student). Pattern: F = ma used incorrectly."
"Q031","Newton's Laws and Forces","Newton's Second Law","Hard","A 2 kg cart rolls to the right at 3 m/s. A 6 N force pushes it right and a 6 N friction force pushes it left. How far does the cart travel in 4 s?","Numerical","12 m. The net force is 0 N so it keeps moving at 3 m/s: distance = 3 x 4 = 12 m.","0 m. The 6 N forces cancel out, so the cart doesn't go anywhere.","false","M2","Zero net force means zero velocity","Believes cancelling forces make the cart stay in place.","The 6 N forces cancel, so the net force is 0 N and the cart keeps its 3 m/s. In 4 s it travels 3 x 4 = 12 m. Cancelling forces do not make it stand still.","A plane cruising at constant speed: engine thrust equals drag, yet it moves at hundreds of km/h.","A ball bearing falls through thick syrup at a steady 0.2 m/s. Its weight is 0.5 N (ignore buoyancy). What is the drag force on it, and what is the net force?","Drag is 0.5 N upward and the net force is 0 N. The ball keeps falling at 0.2 m/s because zero net force means constant velocity, not zero velocity.","Hard","Author-written synthetic student answer (not from a real student). Pattern: cancel -> no distance."
"Q032","Newton's Laws and Forces","Gravity and Free Fall (Newton's Second Law)","Medium","A 6 kg stone is dropped from rest. Ignoring air resistance, what is its speed after 2 s? (g = 9.8 m/s²)","Numerical","19.6 m/s (v = g x t = 9.8 x 2).","v = g x t = 9.8 x 2 = 19.6 m/s. The 6 kg doesn't matter because every mass accelerates at g.","true","NONE","No misconception (correct reasoning)","None - the student's reasoning is correct.","Correct. The mass is not needed for free-fall speed.","A stone dropped into a well.","A flat sheet of paper and the same sheet crumpled into a ball are dropped together. The ball lands first. Both have the same weight. Why?","Air resistance is larger on the flat sheet because it has more area, so its net downward force is smaller. The weight is the same; the difference comes from air resistance, not from mass.","Medium","Author-written synthetic correct answer, used as a contrast to the misconception answers. Pattern: correct: v = gt."
"Q033","Newton's Laws and Forces","Newton's Second Law","Hard","A golf ball of mass 0.045 kg is given an average acceleration of 4000 m/s² by the club. What average net force acts on the ball?","Numerical","180 N (F = ma = 0.045 x 4000).","It's 4000 N. A ball with an acceleration of 4000 must be feeling a force of 4000.","false","M5","Force and acceleration are the same thing","Reports the acceleration number as the force.","Force is not the acceleration number. F = ma = 0.045 x 4000 = 180 N.","A tennis ball can have a huge acceleration but a small force; a car has a tiny acceleration but a big force.","A net force acts on a cart. If the mass of the cart is doubled but the net force stays the same, what happens to its acceleration?","The acceleration halves (a = F / m).","Easy","Author-written synthetic student answer (not from a real student). Pattern: large number reused as force."
"Q034","Newton's Laws and Forces","Newton's Second Law","Hard","A 1500 kg car travels at a steady 10 m/s on level ground. The engine force is 900 N forward and the total resistance is 900 N backward. If the forces stay the same, what is the car's speed 10 s later?","Numerical","10 m/s. The net force is 0 N so the acceleration is 0 and the speed does not change.","0 m/s. The forces are equal, so they cancel and the car comes to rest.","false","M2","Zero net force means zero velocity","Concludes that equal opposite forces bring the car to rest (balanced = stopped).","Equal forces cancel, so a = 0 and the car keeps 10 m/s. Balanced forces do not bring a moving car to rest.","A car on cruise control: driving force balances resistance and the speedometer stays steady.","A hot-air balloon rises at a steady 2 m/s. How does the upward lift compare with the balloon's weight, and what is the net force?","The lift equals the weight, so the net force is 0 N. The balloon is still moving upward at a constant 2 m/s.","Medium","Author-written synthetic student answer (not from a real student). Pattern: PAIR with M1-11: same question, 'forces cancel' reasoning."
"Q035","Newton's Laws and Forces","Newton's First Law","Hard","A hockey puck is struck and slides across a very smooth, frictionless rink. After it leaves the stick, which horizontal forces should appear on its free-body diagram?","Scenario-based","None. Only weight (down) and the normal force (up) act, and they cancel. The stick's push ended when contact ended.","A forward arrow labelled 'force of the hit' pointing the way it moves, plus the weight and the normal force.","false","M1","Force required for motion","Keeps drawing a contact force after contact has ended and ties an arrow to the direction of motion.","A contact force only exists while there is contact. After the puck leaves the stick, nothing pushes it horizontally. Only weight and the normal force remain (they cancel), so no horizontal arrow belongs on the diagram.","On a bicycle you pedal only to cancel air drag and friction; on a perfectly smooth, drag-free road you could glide forever.","A 0.5 kg puck on frictionless ice is pushed with a constant 5 N force for 2 s, then the force is removed. Describe its motion after the force is removed.","During the push a = 5 / 0.5 = 10 m/s², so after 2 s the speed is 20 m/s. After the force is removed no net force acts, so it keeps moving at a constant 20 m/s in a straight line.","Hard","Author-written synthetic student answer (not from a real student). Pattern: free-body diagram error."
"Q036","Newton's Laws and Forces","Newton's First Law","Medium","A marble is rolled across a flat wooden table and gradually slows to a stop. What causes it to slow down?","Scenario-based","Friction (and a little air resistance) acts backward on the marble, giving a backward net force. Without them it would keep rolling at constant velocity.","Friction between the marble and the table pulls backward on it. Moving objects don't slow down by themselves, they only slow if a force acts against the motion.","true","NONE","No misconception (correct reasoning)","None - the student's reasoning is correct.","Correct. Slowing down is an acceleration, so a net backward force (friction) must act.","A football rolling across grass slows and stops.","A 0.5 kg puck on frictionless ice is pushed with a constant 5 N force for 2 s, then the force is removed. Describe its motion after the force is removed.","During the push a = 5 / 0.5 = 10 m/s², so after 2 s the speed is 20 m/s. After the force is removed no net force acts, so it keeps moving at a constant 20 m/s in a straight line.","Hard","Author-written synthetic correct answer, used as a contrast to the misconception answers. Pattern: correct: friction explains stopping."
"Q037","Newton's Laws and Forces","Newton's Second Law","Easy","In your own words, what is the difference between force and acceleration?","Conceptual","A force is a push or pull (measured in newtons). Acceleration is how quickly velocity changes (m/s²). A net force causes acceleration, with a = F / m, but they are different quantities.","They're basically the same thing. Acceleration is just how hard something is being pushed.","false","M5","Force and acceleration are the same thing","Uses the words interchangeably.","They are different things. Force is a push or pull (N). Acceleration is how fast velocity changes (m/s²). Force causes acceleration through a = F / m.","A tennis ball can have a huge acceleration but a small force; a car has a tiny acceleration but a big force.","The net force on an object is 12 N and its acceleration is 4 m/s². What is its mass?","3 kg (m = F / a = 12 / 4).","Medium","Author-written synthetic student answer (not from a real student). Pattern: definition: same thing."
"Q038","Newton's Laws and Forces","Newton's Second Law","Hard","Two skaters of mass 50 kg and 75 kg each receive a net force of 150 N. Compare their accelerations and say what this shows about force and acceleration.","Reasoning/Explanation","50 kg: 3 m/s². 75 kg: 2 m/s². The same force gives different accelerations, which shows force and acceleration are different quantities linked by a = F / m.","50 kg: 150 / 50 = 3 m/s². 75 kg: 150 / 75 = 2 m/s². The force is the same but the accelerations aren't, so force isn't the same as acceleration, mass connects them.","true","NONE","No misconception (correct reasoning)","None - the student's reasoning is correct.","Correct. Same force, different mass, different acceleration.","Two people of different mass pushed equally on ice.","A 0.1 kg tennis ball has an acceleration of 100 m/s². A 1000 kg car has an acceleration of 0.1 m/s². Which has the larger net force?","Ball: F = 0.1 x 100 = 10 N. Car: F = 1000 x 0.1 = 100 N. The car has the larger net force even though its acceleration is much smaller.","Hard","Author-written synthetic correct answer, used as a contrast to the misconception answers. Pattern: correct: compares masses."
"Q039","Newton's Laws and Forces","Newton's Third Law","Medium","Skater A (60 kg) pushes skater B (40 kg) with a force of 120 N on frictionless ice. What are the magnitudes of their accelerations?","Numerical","A: 2 m/s². B: 3 m/s². They move in opposite directions (a = F / m, each skater feels one 120 N force).","Both are zero because the 120 N force and the 120 N reaction force cancel.","false","M3","Action-reaction forces cancel each other","Cancels the push with the reaction force even though each acts on a different skater.","Each skater feels only one 120 N force, from the other skater. Nothing cancels it, so A accelerates at 120/60 = 2 m/s² and B at 120/40 = 3 m/s² in opposite directions.","Two friends on skateboards push each other: both roll away, so the forces cannot be cancelling.","You stand on a skateboard and throw a heavy ball forward. Why do you roll backward? Which force acts on you?","You push the ball forward and the ball pushes you backward with an equal force. That backward force acts on you and nothing balances it, so you accelerate backward.","Medium","Author-written synthetic student answer (not from a real student). Pattern: numeric: both accelerations zero."
"Q040","Newton's Laws and Forces","Gravity and Free Fall (Newton's Second Law)","Hard","Two metal spheres of identical size, one 1 kg and one 4 kg, are released together from rest in air. Right at the start of the fall, how do their accelerations compare?","Scenario-based","Almost identical (about 9.8 m/s² each) because air resistance is tiny at low speed. Later, the heavier sphere keeps speeding up for longer before air resistance balances its weight.","The 4 kg sphere accelerates more, since heavier objects have a bigger acceleration.","false","M4","Heavier objects fall faster","Applies 'heavier = bigger acceleration' even when air is present.","At the start the speeds are low, so air resistance is tiny. Both spheres accelerate at about 9.8 m/s². Mass only matters later, through air resistance.","During the Apollo 15 mission an astronaut dropped a hammer and a feather on the Moon and they landed together.","Gravity pulls ten times harder on a 10 kg object than on a 1 kg object. Why doesn't the 10 kg object fall ten times faster?","Because it also has ten times the mass, so it is ten times harder to accelerate. a = F / m = (10 x 9.8) / 10 = 9.8 m/s², the same as the 1 kg object.","Medium","Author-written synthetic student answer (not from a real student). Pattern: air present, same belief."
"Q041","Newton's Laws and Forces","Newton's Second Law","Medium","A 4 kg trolley and an 8 kg trolley are each pushed with the same net force of 24 N. What is the acceleration of each?","Numerical","4 kg: 6 m/s². 8 kg: 3 m/s².","Both are 24 m/s², since the force is the same so the acceleration is the same.","false","M5","Force and acceleration are the same thing","Believes same force always gives same acceleration.","Same force but different masses gives different accelerations. a = 24 / 4 = 6 m/s² and a = 24 / 8 = 3 m/s². The heavier trolley accelerates less.","Pushing an empty and a full shopping cart with the same effort gives very different accelerations.","The net force on an object is 12 N and its acceleration is 4 m/s². What is its mass?","3 kg (m = F / a = 12 / 4).","Medium","Author-written synthetic student answer (not from a real student). Pattern: same force -> same acceleration."
"Q042","Newton's Laws and Forces","Newton's Second Law","Medium","A 1200 kg car accelerates at 3 m/s². What net force acts on it?","Numerical","3600 N (F = ma = 1200 x 3).","3 N, because the acceleration is 3 so the force is 3.","false","M5","Force and acceleration are the same thing","Treats the acceleration value as the force value.","Use F = ma = 1200 x 3 = 3600 N. Acceleration is not the force; you must multiply by mass.","A tennis ball can have a huge acceleration but a small force; a car has a tiny acceleration but a big force.","A net force acts on a cart. If the mass of the cart is doubled but the net force stays the same, what happens to its acceleration?","The acceleration halves (a = F / m).","Easy","Author-written synthetic student answer (not from a real student). Pattern: acceleration value = force value."
"Q043","Newton's Laws and Forces","Newton's Third Law","Medium","A student pulls a 5 kg cart across a frictionless floor with a horizontal force of 15 N. What force does the cart exert on the student's hand, and what is the cart's acceleration?","Numerical","15 N on the hand, opposite to the pull. The cart's acceleration is 15 / 5 = 3 m/s².","The cart pulls back on my hand with 15 N. That force acts on me, not on the cart, so it doesn't cancel my pull on the cart. The cart's net force is 15 N, so a = 15 / 5 = 3 m/s².","true","NONE","No misconception (correct reasoning)","None - the student's reasoning is correct.","Correct. The reaction force acts on the hand, so the cart's net force is 15 N.","Pulling a trolley in a supermarket.","Two carts (1 kg and 3 kg) on a frictionless track attract each other with magnets. The magnetic force on the 1 kg cart is 6 N. What is the force on the 3 kg cart, and what is each cart's acceleration?","The force on the 3 kg cart is also 6 N, in the opposite direction. Accelerations: 6 / 1 = 6 m/s² for the 1 kg cart and 6 / 3 = 2 m/s² for the 3 kg cart, each toward the other.","Medium","Author-written synthetic correct answer, used as a contrast to the misconception answers. Pattern: correct: reaction on different object."
"Q044","Newton's Laws and Forces","Newton's Second Law","Easy","Which of these is the unit of acceleration? (A) newton (N) (B) m/s (C) m/s² (D) kg","Multiple-choice","C","A - acceleration is the force that speeds something up, so it's measured in newtons.","false","M5","Force and acceleration are the same thing","Treats acceleration as a type of force.","Acceleration is measured in m/s². The newton (N) is the unit of force. They are different quantities.","Pushing an empty and a full shopping cart with the same effort gives very different accelerations.","A net force acts on a cart. If the mass of the cart is doubled but the net force stays the same, what happens to its acceleration?","The acceleration halves (a = F / m).","Easy","Author-written synthetic student answer (not from a real student). Pattern: units confusion."
"Q045","Newton's Laws and Forces","Gravity and Free Fall (Newton's Second Law)","Hard","On the Moon (g = 1.6 m/s²) an astronaut drops a 0.5 kg rock and a 5 kg rock together from a height of 1.6 m. How long does each take to land?","Numerical","Both take about 1.4 s (t = sqrt(2h / g) = sqrt(2 x 1.6 / 1.6) = 1.41 s).","The 0.5 kg rock takes about 1.4 s. The 5 kg rock is ten times heavier so it lands sooner, maybe around 0.5 s.","false","M4","Heavier objects fall faster","Correct time for one rock but assumes the heavier one lands sooner.","t = sqrt(2h / g) has no mass in it. Both rocks take sqrt(2 x 1.6 / 1.6) = 1.41 s.","A coin and a lead pellet fall together inside a vacuum tube in a classroom demonstration.","Gravity pulls ten times harder on a 10 kg object than on a 1 kg object. Why doesn't the 10 kg object fall ten times faster?","Because it also has ten times the mass, so it is ten times harder to accelerate. a = F / m = (10 x 9.8) / 10 = 9.8 m/s², the same as the 1 kg object.","Medium","Author-written synthetic student answer (not from a real student). Pattern: calculates one, guesses other."
"Q046","Newton's Laws and Forces","Newton's Second Law","Medium","A skydiver weighing 700 N falls at a constant speed of 50 m/s. What is the upward air resistance on her, and what is the net force?","Numerical","Air resistance is 700 N upward and the net force is 0 N. She keeps falling at a constant 50 m/s.","700 N upward, net force 0 N. Since the forces cancel, she stops moving at that point.","false","M2","Zero net force means zero velocity","Balances the forces correctly but concludes that zero net force means she stops moving.","The forces are balanced (700 N, net 0 N), but zero net force only means her speed stops changing. She keeps falling at 50 m/s.","A plane cruising at constant speed: engine thrust equals drag, yet it moves at hundreds of km/h.","True or false: 'An object at rest has zero net force, so an object with zero net force must be at rest.' Explain.","The first half is true. The second half is false: an object moving at constant velocity also has zero net force.","Medium","Author-written synthetic student answer (not from a real student). Pattern: correct numbers, wrong conclusion."
"Q047","Newton's Laws and Forces","Newton's First Law","Medium","An astronaut gives a wrench a gentle push in deep space and lets go. After it leaves her hand, what happens to the wrench's motion, and what force acts on it?","Scenario-based","It keeps moving in a straight line at constant velocity. After release no force acts on it (gravity is negligible), so nothing changes its velocity.","The push stays inside the wrench and carries it along, but it slowly gets weaker, so the wrench gradually slows down and stops.","false","M1","Force required for motion","Impetus idea: a force is 'stored' in the object and gradually runs out.","A push is not stored inside an object. Once the astronaut lets go, no force acts on the wrench, so its velocity stays constant. It does not fade.","A spacecraft coasting between planets with its engines off keeps moving without using any fuel.","True or false: 'If an object is moving, a force must be acting on it in the direction of its motion.' Give an example that supports your answer.","False. Example: a puck gliding on frictionless ice, or a ball rising after being thrown (only gravity acts, and it points down). A net force is needed to change velocity, not to keep it.","Medium","Author-written synthetic student answer (not from a real student). Pattern: impetus fades."
"Q048","Newton's Laws and Forces","Gravity and Free Fall (Newton's Second Law)","Medium","In a vacuum near Earth's surface, a 1 kg and a 10 kg object are dropped. Find the weight of each and say how their accelerations compare (g = 9.8 m/s²).","Numerical","Weights: 9.8 N and 98 N. Both accelerate at 9.8 m/s² (a = F / m = mg / m = g).","Weights are 9.8 N and 98 N. The 10 kg object has ten times the force on it, so it speeds up faster than the 1 kg object.","false","M4","Heavier objects fall faster","Uses force alone to decide acceleration and ignores that the larger mass also resists acceleration.","The 10 kg object has a bigger force (98 N) but also ten times the mass. a = F / m gives 98 / 10 = 9.8 m/s², exactly the same as the 1 kg object (9.8 / 1).","During the Apollo 15 mission an astronaut dropped a hammer and a feather on the Moon and they landed together.","A flat sheet of paper and the same sheet crumpled into a ball are dropped together. The ball lands first. Both have the same weight. Why?","Air resistance is larger on the flat sheet because it has more area, so its net downward force is smaller. The weight is the same; the difference comes from air resistance, not from mass.","Medium","Author-written synthetic student answer (not from a real student). Pattern: force without mass."
"Q049","Newton's Laws and Forces","Newton's Third Law","Easy","A person jumps from a small boat toward the dock. What happens to the boat?","Scenario-based","The boat moves backward. The person pushes the boat backward and the boat pushes the person forward with an equal force; the forces act on different objects.","The boat moves back. I push it backward, it pushes me forward with the same size force. They act on different things so they don't cancel, that's why both of us move.","true","NONE","No misconception (correct reasoning)","None - the student's reasoning is correct.","Correct. The forces are equal and opposite but act on different objects.","Stepping off a canoe and watching it drift backward.","A student says: 'A rocket's exhaust pushes the rocket forward and the rocket pushes the exhaust backward with an equal force, so they cancel and the rocket cannot speed up.' What is wrong with this?","The two forces act on different objects: the gas feels one and the rocket feels the other. Only the force on the rocket matters for the rocket's motion, and it is not balanced by the force on the gas, so the rocket accelerates.","Hard","Author-written synthetic correct answer, used as a contrast to the misconception answers. Pattern: correct: pair on different objects."
"Q050","Newton's Laws and Forces","Newton's First Law","Easy","A sled slides across frictionless ice at a constant velocity. Does it need a forward force to keep moving?","Conceptual","No. With no net force it keeps moving at constant velocity.","No. If nothing is slowing it down it just keeps going at the same velocity by itself (inertia).","true","NONE","No misconception (correct reasoning)","None - the student's reasoning is correct.","Correct. Constant velocity needs zero net force, so no forward push is needed on frictionless ice.","A curling stone gliding down the ice sheet.","A cyclist stops pedalling and freewheels along a level road. She slowly slows down. Why does she slow down, and what would happen if there were no friction or air resistance?","She slows because friction and air resistance act backward on her, giving a backward net force. With no resistive forces nothing would change her velocity, so she would keep going at the same speed.","Medium","Author-written synthetic correct answer, used as a contrast to the misconception answers. Pattern: correct: inertia."
"Q051","Newton's Laws and Forces","Gravity and Free Fall (Newton's Second Law)","Medium","A 2 kg object and an 8 kg object are dropped from rest in a vacuum near Earth's surface (g = 9.8 m/s²). What is the speed of each after 3 s?","Numerical","Both are 29.4 m/s (v = g x t = 9.8 x 3). Mass does not matter.","2 kg: 29.4 m/s. The 8 kg one is four times heavier so it's four times faster: 117.6 m/s.","false","M4","Heavier objects fall faster","Scales falling speed with mass.","Falling speed does not depend on mass. Both objects have a = 9.8 m/s², so after 3 s both have v = 9.8 x 3 = 29.4 m/s.","A flat sheet of paper falls slowly but the same sheet crumpled into a ball drops fast: air resistance, not weight.","A flat sheet of paper and the same sheet crumpled into a ball are dropped together. The ball lands first. Both have the same weight. Why?","Air resistance is larger on the flat sheet because it has more area, so its net downward force is smaller. The weight is the same; the difference comes from air resistance, not from mass.","Medium","Author-written synthetic student answer (not from a real student). Pattern: speed proportional to mass."
"Q052","Newton's Laws and Forces","Newton's First Law","Medium","A cyclist rides at a steady speed along a flat road and pedals with a forward force of 30 N. What is the total resistive force on the cyclist?","Numerical","30 N backward. Steady speed means zero net force, so the resistance equals the pedalling force.","30 N backward. Steady speed means the net force is zero, so the resistance must equal the pedalling force.","true","NONE","No misconception (correct reasoning)","None - the student's reasoning is correct.","Correct. The 30 N pedalling force is cancelling 30 N of drag and friction; the net force is 0 N.","Pedalling just hard enough to hold a steady speed against air and tyre drag.","True or false: 'If an object is moving, a force must be acting on it in the direction of its motion.' Give an example that supports your answer.","False. Example: a puck gliding on frictionless ice, or a ball rising after being thrown (only gravity acts, and it points down). A net force is needed to change velocity, not to keep it.","Medium","Author-written synthetic correct answer, used as a contrast to the misconception answers. Pattern: correct: balanced at steady speed."
"Q053","Newton's Laws and Forces","Newton's First Law","Medium","The cable tension on an elevator exactly equals the elevator's weight. What can you say about the elevator's motion?","Scenario-based","The net force is zero, so its velocity is constant: it is either at rest or moving up or down at steady speed.","It must be stationary. If the tension equals the weight they cancel and the elevator doesn't move.","false","M2","Zero net force means zero velocity","Equates cancelling forces with a stationary state.","Tension = weight means net force 0 N and no acceleration. The elevator can be at rest or moving at constant speed. Balanced forces do not force it to be stationary.","A car on cruise control: driving force balances resistance and the speedometer stays steady.","A ball bearing falls through thick syrup at a steady 0.2 m/s. Its weight is 0.5 N (ignore buoyancy). What is the drag force on it, and what is the net force?","Drag is 0.5 N upward and the net force is 0 N. The ball keeps falling at 0.2 m/s because zero net force means constant velocity, not zero velocity.","Hard","Author-written synthetic student answer (not from a real student). Pattern: cancel -> doesn't move."
"Q054","Newton's Laws and Forces","Newton's First Law","Medium","A car travels at a steady 15 m/s on a straight level road. Its engine pushes forward with 600 N. What is the total backward resistive force (friction + air resistance) on the car?","Numerical","600 N backward. Steady speed means zero net force, so the resistance equals the engine force.","Less than 600 N. The engine force has to be a bit bigger than the resistance, otherwise the car wouldn't keep moving forward.","false","M1","Force required for motion","Believes a net forward force is needed to maintain steady speed.","Steady speed means zero acceleration, so the forces must balance exactly. The resistance is 600 N. The engine force does not need to be larger than it.","A spacecraft coasting between planets with its engines off keeps moving without using any fuel.","True or false: 'If an object is moving, a force must be acting on it in the direction of its motion.' Give an example that supports your answer.","False. Example: a puck gliding on frictionless ice, or a ball rising after being thrown (only gravity acts, and it points down). A net force is needed to change velocity, not to keep it.","Medium","Author-written synthetic student answer (not from a real student). Pattern: needs forward force > resistance."
"Q055","Newton's Laws and Forces","Newton's Third Law","Medium","A book rests on a table. The table pushes up on the book with 10 N and the book's weight is 10 N downward. A student says these two forces are an action-reaction pair. Is the student right?","Conceptual","No. Both forces act on the same object (the book). An action-reaction pair acts on two different objects. The reaction to the book's weight is the book's pull on the Earth.","Yes, because they are equal and opposite and they cancel, that's what action-reaction means.","false","M3","Action-reaction forces cancel each other","Defines action-reaction as 'equal and opposite forces that cancel', mixing up a third-law pair with balanced forces on one object.","Weight and the normal force act on the same object, so they are balanced forces, not an action-reaction pair. A third-law pair acts on two different objects.","Rowing: the oar pushes water backward, the water pushes the boat forward.","Two carts (1 kg and 3 kg) on a frictionless track attract each other with magnets. The magnetic force on the 1 kg cart is 6 N. What is the force on the 3 kg cart, and what is each cart's acceleration?","The force on the 3 kg cart is also 6 N, in the opposite direction. Accelerations: 6 / 1 = 6 m/s² for the 1 kg cart and 6 / 3 = 2 m/s² for the 3 kg cart, each toward the other.","Medium","Author-written synthetic student answer (not from a real student). Pattern: confuses balanced pair with action-reaction pair."
"Q056","Newton's Laws and Forces","Newton's Third Law","Medium","A cannon fires a cannonball. Compare the forces on the cannon and the ball, and explain why the ball ends up moving much faster than the cannon recoils.","Conceptual","The forces are equal in size and opposite in direction but act on different objects. Since a = F / m, the lighter ball gets a much larger acceleration than the heavy cannon.","The forces cancel each other out, so what makes the ball move more is simply that it is lighter.","false","M3","Action-reaction forces cancel each other","Says the forces cancel but then explains motion by mass only, which is inconsistent.","The equal forces act on different objects, so they do not cancel. The ball moves faster because a = F / m and its mass is much smaller. That is the reason, not cancellation.","A released balloon shoots forward as air rushes out backward.","A student says: 'A rocket's exhaust pushes the rocket forward and the rocket pushes the exhaust backward with an equal force, so they cancel and the rocket cannot speed up.' What is wrong with this?","The two forces act on different objects: the gas feels one and the rocket feels the other. Only the force on the rocket matters for the rocket's motion, and it is not balanced by the force on the gas, so the rocket accelerates.","Hard","Author-written synthetic student answer (not from a real student). Pattern: mixed explanation."
"Q057","Newton's Laws and Forces","Newton's First Law","Medium","A train moves along a straight, level track at a constant speed of 30 m/s. Which statement about the net force on the train is correct? (A) The net force points forward, in the direction of motion. (B) The net force points backward. (C) The net force is zero. (D) The net force is larger the faster it goes.","Multiple-choice","C","A - the train is going forward so the force on it has to point forward too.","false","M1","Force required for motion","Assumes the direction of the net force must match the direction of motion.","The direction of motion is not the direction of the net force. Constant speed in a straight line means the net force is zero. A net force is only needed to change the speed or direction.","On a bicycle you pedal only to cancel air drag and friction; on a perfectly smooth, drag-free road you could glide forever.","A 0.5 kg puck on frictionless ice is pushed with a constant 5 N force for 2 s, then the force is removed. Describe its motion after the force is removed.","During the push a = 5 / 0.5 = 10 m/s², so after 2 s the speed is 20 m/s. After the force is removed no net force acts, so it keeps moving at a constant 20 m/s in a straight line.","Hard","Author-written synthetic student answer (not from a real student). Pattern: force direction = motion direction."
"Q058","Newton's Laws and Forces","Newton's First Law","Easy","A ball rolls along a long, perfectly smooth horizontal surface with no friction or air resistance. Will anything have to push it to keep it rolling at the same speed?","Short-answer","No. With no friction or air resistance there is no net force, so the ball keeps rolling at the same speed.","Yes, eventually it needs another push or it will just stop by itself.","false","M1","Force required for motion","Treats stopping as the natural state of every moving object and ignores that friction is what stops things.","On an ordinary floor the ball stops only because friction acts against it. With no friction and no air resistance nothing slows it, so it never needs another push.","On a bicycle you pedal only to cancel air drag and friction; on a perfectly smooth, drag-free road you could glide forever.","A 0.5 kg puck on frictionless ice is pushed with a constant 5 N force for 2 s, then the force is removed. Describe its motion after the force is removed.","During the push a = 5 / 0.5 = 10 m/s², so after 2 s the speed is 20 m/s. After the force is removed no net force acts, so it keeps moving at a constant 20 m/s in a straight line.","Hard","Author-written synthetic student answer (not from a real student). Pattern: stopping is 'natural'."
"Q059","Newton's Laws and Forces","Newton's First Law","Medium","What does it mean for an object to be in equilibrium? Can an object in equilibrium be moving?","Conceptual","Equilibrium means the net force is zero. Yes, it can be moving: constant velocity in a straight line is also equilibrium.","Equilibrium is when the forces are balanced, so the object is stationary. A moving object can't be in equilibrium.","false","M2","Zero net force means zero velocity","Equates equilibrium with being at rest only.","Equilibrium means net force = 0. That includes moving at steady velocity, not only being at rest.","A skydiver at terminal velocity: weight equals air resistance, but she is still falling.","A hot-air balloon rises at a steady 2 m/s. How does the upward lift compare with the balloon's weight, and what is the net force?","The lift equals the weight, so the net force is 0 N. The balloon is still moving upward at a constant 2 m/s.","Medium","Author-written synthetic student answer (not from a real student). Pattern: equilibrium = stationary."
"Q060","Newton's Laws and Forces","Newton's Third Law","Hard","A bat hits a 0.15 kg ball with an average force of 600 N. What force does the ball exert on the bat, and what is the ball's average acceleration while in contact? (Ignore other forces.)","Numerical","The ball pushes back on the bat with 600 N in the opposite direction. The ball's acceleration is a = F / m = 600 / 0.15 = 4000 m/s².","The ball pushes back with 600 N, so the net force is 0 N and the acceleration is 0 m/s². It flies off because of the swing.","false","M3","Action-reaction forces cancel each other","Cancels the bat's force and the ball's force, then explains the ball's motion with 'the swing'.","The 600 N from the bat acts on the ball and the 600 N from the ball acts on the bat. They do not cancel on the ball. For the ball, a = 600 / 0.15 = 4000 m/s².","Rowing: the oar pushes water backward, the water pushes the boat forward.","You stand on a skateboard and throw a heavy ball forward. Why do you roll backward? Which force acts on you?","You push the ball forward and the ball pushes you backward with an equal force. That backward force acts on you and nothing balances it, so you accelerate backward.","Medium","Author-written synthetic student answer (not from a real student). Pattern: collision pair cancelled."
"Q061","Newton's Laws and Forces","Newton's First Law","Easy","A parachutist falls at a constant speed. Which statement is correct? (A) She is at rest in the air. (B) The forces on her are balanced and she is moving downward at constant velocity. (C) She is accelerating downward. (D) She has no forces acting on her.","Multiple-choice","B","B - air resistance matches her weight so the net force is zero. She isn't speeding up, but she is still falling.","true","NONE","No misconception (correct reasoning)","None - the student's reasoning is correct.","Correct. Balanced forces mean zero acceleration, not zero velocity.","A skydiver reaching terminal velocity.","A hot-air balloon rises at a steady 2 m/s. How does the upward lift compare with the balloon's weight, and what is the net force?","The lift equals the weight, so the net force is 0 N. The balloon is still moving upward at a constant 2 m/s.","Medium","Author-written synthetic correct answer, used as a contrast to the misconception answers. Pattern: correct: balanced but moving."
"Q062","Newton's Laws and Forces","Newton's First Law","Medium","A student pushes a box across a rough floor at constant speed and has to keep pushing the whole time. Why must the student keep pushing?","Reasoning/Explanation","Friction acts backward on the box. The push balances the friction so the net force is zero and the speed stays constant. Without friction no push would be needed to keep it moving.","Because moving things need a force to keep them going. If I stop pushing there is no force so it can't keep moving.","false","M1","Force required for motion","Credits the push with 'keeping the motion going' instead of seeing that it only cancels friction.","The push is not what keeps the motion going. It only cancels friction. If friction were removed the box would keep sliding at constant speed with no push at all.","A hockey puck or curling stone glides a long way on ice after it is released, with no one pushing it.","A cyclist stops pedalling and freewheels along a level road. She slowly slows down. Why does she slow down, and what would happen if there were no friction or air resistance?","She slows because friction and air resistance act backward on her, giving a backward net force. With no resistive forces nothing would change her velocity, so she would keep going at the same speed.","Medium","Author-written synthetic student answer (not from a real student). Pattern: real situation hides friction."
"Q063","Newton's Laws and Forces","Gravity and Free Fall (Newton's Second Law)","Medium","Why does a sheet of paper fall more slowly than a stone when both are dropped in a classroom?","Reasoning/Explanation","Air resistance on the flat paper is large compared with its tiny weight, so its net force per kilogram is much smaller. In a vacuum they would fall together.","Because the stone is heavier and heavier objects fall faster.","false","M4","Heavier objects fall faster","Attributes the difference to weight and misses the role of air resistance.","In air the paper falls slower because of air resistance compared with its tiny weight, not because 'light things fall slower'. In a vacuum both would fall together.","A coin and a lead pellet fall together inside a vacuum tube in a classroom demonstration.","Gravity pulls ten times harder on a 10 kg object than on a 1 kg object. Why doesn't the 10 kg object fall ten times faster?","Because it also has ten times the mass, so it is ten times harder to accelerate. a = F / m = (10 x 9.8) / 10 = 9.8 m/s², the same as the 1 kg object.","Medium","Author-written synthetic student answer (not from a real student). Pattern: real-world air resistance mistaken for weight effect."
"Q064","Newton's Laws and Forces","Newton's Second Law","Medium","A 2 kg cart is pushed with a net force of 10 N. What is its acceleration?","Numerical","5 m/s² (a = F / m = 10 / 2).","10 m/s², because force is acceleration.","false","M5","Force and acceleration are the same thing","Reports the force number as the acceleration and ignores mass.","Use a = F / m = 10 / 2 = 5 m/s². Force and acceleration are different quantities and mass links them.","The same kick sends a football flying but barely moves a bowling ball.","A 0.1 kg tennis ball has an acceleration of 100 m/s². A 1000 kg car has an acceleration of 0.1 m/s². Which has the larger net force?","Ball: F = 0.1 x 100 = 10 N. Car: F = 1000 x 0.1 = 100 N. The car has the larger net force even though its acceleration is much smaller.","Hard","Author-written synthetic student answer (not from a real student). Pattern: force number = acceleration number."
"Q065","Newton's Laws and Forces","Newton's First Law","Easy","A puck glides on frictionless ice and the net force on it is zero. What does that tell you about its velocity?","Conceptual","Zero net force means zero acceleration: its velocity stays constant. The puck may be at rest or moving at steady speed.","That its velocity is zero. Zero force means zero velocity.","false","M2","Zero net force means zero velocity","Equates zero force with zero velocity (confuses 'velocity is zero' with 'velocity does not change').","Zero net force means zero acceleration, not zero velocity. The puck keeps whatever velocity it already has.","A car on cruise control: driving force balances resistance and the speedometer stays steady.","A ball bearing falls through thick syrup at a steady 0.2 m/s. Its weight is 0.5 N (ignore buoyancy). What is the drag force on it, and what is the net force?","Drag is 0.5 N upward and the net force is 0 N. The ball keeps falling at 0.2 m/s because zero net force means constant velocity, not zero velocity.","Hard","Author-written synthetic student answer (not from a real student). Pattern: zero force -> zero velocity."
"Q066","Newton's Laws and Forces","Newton's First Law","Hard","A 0.5 kg ball is thrown straight up and is now rising after leaving the thrower's hand. Ignoring air resistance, what forces act on it and what is the size of each?","Scenario-based","Only gravity: weight = mg = 0.5 x 9.8 = 4.9 N downward. No upward force acts while it rises; it rises because of its existing velocity, which gravity reduces.","Gravity pulls down with about 4.9 N and there is an upward force from the throw that keeps pushing it up until gravity gets stronger.","false","M1","Force required for motion","Believes the force from the throw stays in the object and acts for as long as it moves upward.","The thrower's force ends the moment the ball leaves the hand. While rising, the only force is gravity (4.9 N down). The ball keeps rising because it already has upward velocity, which gravity gradually reduces.","A hockey puck or curling stone glides a long way on ice after it is released, with no one pushing it.","A cyclist stops pedalling and freewheels along a level road. She slowly slows down. Why does she slow down, and what would happen if there were no friction or air resistance?","She slows because friction and air resistance act backward on her, giving a backward net force. With no resistive forces nothing would change her velocity, so she would keep going at the same speed.","Medium","Author-written synthetic student answer (not from a real student). Pattern: impetus in vertical motion."
"Q067","Newton's Laws and Forces","Newton's First Law","Medium","A 2 kg cart moves at a constant velocity of 3 m/s on a frictionless horizontal track. What is the net horizontal force on the cart?","Numerical","0 N. Constant velocity means zero acceleration, so the net force is 0 N.","6 N, because force = mass x speed = 2 x 3.","false","M1","Force required for motion","Makes force proportional to velocity (F = mv): thinks a moving object carries a force that grows with speed.","Force is not mass x speed (that quantity is momentum). Force depends on acceleration: F = ma. Constant velocity means a = 0, so F = 0 N.","A hockey puck or curling stone glides a long way on ice after it is released, with no one pushing it.","A cyclist stops pedalling and freewheels along a level road. She slowly slows down. Why does she slow down, and what would happen if there were no friction or air resistance?","She slows because friction and air resistance act backward on her, giving a backward net force. With no resistive forces nothing would change her velocity, so she would keep going at the same speed.","Medium","Author-written synthetic student answer (not from a real student). Pattern: force proportional to speed."
"Q068","Newton's Laws and Forces","Newton's Second Law","Medium","True or false: a force of 5 N always produces an acceleration of 5 m/s². Explain.","Short-answer","False. a = F / m, so 5 N gives 5 m/s² only when the mass is 1 kg.","True, 5 N gives 5 m/s². Force and acceleration are the same number.","false","M5","Force and acceleration are the same thing","Believes the numbers for force and acceleration are always equal.","a = F / m. 5 N gives 5 m/s² only for a 1 kg mass. For a 2 kg mass it would be 2.5 m/s².","Pushing an empty and a full shopping cart with the same effort gives very different accelerations.","A 0.1 kg tennis ball has an acceleration of 100 m/s². A 1000 kg car has an acceleration of 0.1 m/s². Which has the larger net force?","Ball: F = 0.1 x 100 = 10 N. Car: F = 1000 x 0.1 = 100 N. The car has the larger net force even though its acceleration is much smaller.","Hard","Author-written synthetic student answer (not from a real student). Pattern: true/false same number."
"Q069","Newton's Laws and Forces","Newton's First Law","Hard","An airliner cruises at a constant velocity at a constant height. Compare thrust with drag, and lift with weight, and explain what this means for its motion.","Reasoning/Explanation","Thrust = drag and lift = weight, so the net force is zero. By Newton's first law it keeps flying at the same velocity in a straight line; it does not hover.","Thrust equals drag and lift equals weight, so everything is balanced and the plane is in equilibrium. That means it isn't really moving forward, it's just hovering in the air.","false","M2","Zero net force means zero velocity","Believes equilibrium means no forward motion.","Balanced forces keep the plane's velocity constant. It flies at steady speed. Hovering would mean zero velocity, which balanced forces do not imply.","A skydiver at terminal velocity: weight equals air resistance, but she is still falling.","True or false: 'An object at rest has zero net force, so an object with zero net force must be at rest.' Explain.","The first half is true. The second half is false: an object moving at constant velocity also has zero net force.","Medium","Author-written synthetic student answer (not from a real student). Pattern: equilibrium means hovering."
"Q070","Newton's Laws and Forces","Gravity and Free Fall (Newton's Second Law)","Easy","True or false: in the absence of air, a heavier object falls faster than a lighter one. Give a reason.","Short-answer","False. Without air resistance all objects fall with the same acceleration g, regardless of mass.","True, heavy objects have more gravity acting on them, so they speed up quicker.","false","M4","Heavier objects fall faster","Gives 'more gravity' as the reason and ignores inertia.","False. Without air resistance all objects fall with the same acceleration g. The extra gravity on a heavy object is matched by its larger mass.","A flat sheet of paper falls slowly but the same sheet crumpled into a ball drops fast: air resistance, not weight.","A flat sheet of paper and the same sheet crumpled into a ball are dropped together. The ball lands first. Both have the same weight. Why?","Air resistance is larger on the flat sheet because it has more area, so its net downward force is smaller. The weight is the same; the difference comes from air resistance, not from mass.","Medium","Author-written synthetic student answer (not from a real student). Pattern: true/false with 'more gravity' reasoning."
