question_id,split,group_id,label
Q001,test,G_Q001,M5
Q002,train,G_Q002,M4
Q003,train,G_Q003,M1
Q004,test,G_Q004,M4
Q005,train,G_Q005,M2
Q006,validation,G_Q006,NONE
Q007,validation,G_Q007,M5
Q008,train,G_Q008,NONE
Q009,train,G_Q009,M3
Q010,train,G_Q010,NONE
Q011,train,G_Q011,M4
Q012,train,G_car_pair,M1
Q013,test,G_Q013,NONE
Q014,train,G_Q014,NONE
Q015,train,G_Q015,M5
Q016,train,G_Q016,M1
Q017,test,G_Q017,NONE
Q018,train,G_Q018,M3
Q019,train,G_Q019,M2
Q020,validation,G_Q020,NONE
Q021,validation,G_Q021,M2
Q022,train,G_Q022,M3
Q023,test,G_Q023,M3
Q024,train,G_Q024,M3
Q025,train,G_Q025,M5
Q026,validation,G_Q026,M2
Q027,train,G_Q027,M3
Q028,validation,G_Q028,M3
Q029,train,G_Q029,M4
Q030,train,G_Q030,M4
Q031,train,G_Q031,M2
Q032,train,G_Q032,NONE
Q033,train,G_Q033,M5
Q034,train,G_car_pair,M2
Q035,test,G_Q035,M1
Q036,test,G_Q036,NONE
Q037,train,G_Q037,M5
Q038,train,G_Q038,NONE
Q039,test,G_Q039,M3
Q040,validation,G_Q040,M4
Q041,train,G_Q041,M5
Q042,test,G_Q042,M5
Q043,train,G_Q043,NONE
Q044,train,G_Q044,M5
Q045,train,G_Q045,M4
Q046,train,G_Q046,M2
Q047,validation,G_Q047,M1
Q048,test,G_Q048,M4
Q049,validation,G_Q049,NONE
Q050,train,G_Q050,NONE
Q051,train,G_Q051,M4
Q052,train,G_Q052,NONE
Q053,train,G_Q053,M2
Q054,train,G_Q054,M1
Q055,train,G_Q055,M3
Q056,validation,G_Q056,M3
Q057,train,G_Q057,M1
Q058,validation,G_Q058,M1
Q059,test,G_Q059,M2
Q060,train,G_Q060,M3
Q061,train,G_Q061,NONE
Q062,test,G_Q062,M1
Q063,validation,G_Q063,M4
Q064,train,G_Q064,M5
Q065,train,G_Q065,M2
Q066,train,G_Q066,M1
Q067,train,G_Q067,M1
Q068,validation,G_Q068,M5
Q069,test,G_Q069,M2
Q070,train,G_Q070,M4
